{
  "version": "15.0.0",
  "files": {
    "bcf3ced2d51255bfe547c8f5d2886e764e0cfef7e60851b0adc36219da9d29c6": {
      "source": {
        "path": "CdkProjectStack.template.json",
        "packaging": "file"
      },
      "destinations": {
        "current_account-current_region": {
          "bucketName": "cdk-hnb659fds-assets-${AWS::AccountId}-${AWS::Region}",
          "objectKey": "bcf3ced2d51255bfe547c8f5d2886e764e0cfef7e60851b0adc36219da9d29c6.json",
          "assumeRoleArn": "arn:${AWS::Partition}:iam::${AWS::AccountId}:role/cdk-hnb659fds-file-publishing-role-${AWS::AccountId}-${AWS::Region}"
        }
      }
    }
  },
  "dockerImages": {}
}