{
  "version": "tree-0.1",
  "tree": {
    "id": "App",
    "path": "",
    "children": {
      "Tree": {
        "id": "Tree",
        "path": "Tree",
        "constructInfo": {
          "fqn": "constructs.Construct",
          "version": "10.0.10"
        }
      },
      "CdkProjectStack": {
        "id": "CdkProjectStack",
        "path": "CdkProjectStack",
        "children": {
          "CdkProjectRepository": {
            "id": "CdkProjectRepository",
            "path": "CdkProjectStack/CdkProjectRepository",
            "children": {
              "Resource": {
                "id": "Resource",
                "path": "CdkProjectStack/CdkProjectRepository/Resource",
                "attributes": {
                  "aws:cdk:cloudformation:type": "AWS::CodeCommit::Repository",
                  "aws:cdk:cloudformation:props": {
                    "repositoryName": "CdkProjectRepository"
                  }
                },
                "constructInfo": {
                  "fqn": "aws-cdk-lib.aws_codecommit.CfnRepository",
                  "version": "2.0.0"
                }
              },
              "CdkProjectStackCdkProjectPipeline45FABD79-main-EventRule": {
                "id": "CdkProjectStackCdkProjectPipeline45FABD79-main-EventRule",
                "path": "CdkProjectStack/CdkProjectRepository/CdkProjectStackCdkProjectPipeline45FABD79-main-EventRule",
                "children": {
                  "Resource": {
                    "id": "Resource",
                    "path": "CdkProjectStack/CdkProjectRepository/CdkProjectStackCdkProjectPipeline45FABD79-main-EventRule/Resource",
                    "attributes": {
                      "aws:cdk:cloudformation:type": "AWS::Events::Rule",
                      "aws:cdk:cloudformation:props": {
                        "eventPattern": {
                          "source": [
                            "aws.codecommit"
                          ],
                          "resources": [
                            {
                              "Fn::GetAtt": [
                                "CdkProjectRepository26B07E3F",
                                "Arn"
                              ]
                            }
                          ],
                          "detail-type": [
                            "CodeCommit Repository State Change"
                          ],
                          "detail": {
                            "event": [
                              "referenceCreated",
                              "referenceUpdated"
                            ],
                            "referenceName": [
                              "main"
                            ]
                          }
                        },
                        "state": "ENABLED",
                        "targets": [
                          {
                            "id": "Target0",
                            "arn": {
                              "Fn::Join": [
                                "",
                                [
                                  "arn:",
                                  {
                                    "Ref": "AWS::Partition"
                                  },
                                  ":codepipeline:",
                                  {
                                    "Ref": "AWS::Region"
                                  },
                                  ":",
                                  {
                                    "Ref": "AWS::AccountId"
                                  },
                                  ":",
                                  {
                                    "Ref": "CdkProjectPipelineB764721F"
                                  }
                                ]
                              ]
                            },
                            "roleArn": {
                              "Fn::GetAtt": [
                                "CdkProjectPipelineEventsRole3A509A5F",
                                "Arn"
                              ]
                            }
                          }
                        ]
                      }
                    },
                    "constructInfo": {
                      "fqn": "aws-cdk-lib.aws_events.CfnRule",
                      "version": "2.0.0"
                    }
                  }
                },
                "constructInfo": {
                  "fqn": "aws-cdk-lib.aws_events.Rule",
                  "version": "2.0.0"
                }
              }
            },
            "constructInfo": {
              "fqn": "aws-cdk-lib.aws_codecommit.Repository",
              "version": "2.0.0"
            }
          },
          "Project": {
            "id": "Project",
            "path": "CdkProjectStack/Project",
            "children": {
              "Role": {
                "id": "Role",
                "path": "CdkProjectStack/Project/Role",
                "children": {
                  "Resource": {
                    "id": "Resource",
                    "path": "CdkProjectStack/Project/Role/Resource",
                    "attributes": {
                      "aws:cdk:cloudformation:type": "AWS::IAM::Role",
                      "aws:cdk:cloudformation:props": {
                        "assumeRolePolicyDocument": {
                          "Statement": [
                            {
                              "Action": "sts:AssumeRole",
                              "Effect": "Allow",
                              "Principal": {
                                "Service": "codebuild.amazonaws.com"
                              }
                            }
                          ],
                          "Version": "2012-10-17"
                        },
                        "managedPolicyArns": [
                          {
                            "Fn::Join": [
                              "",
                              [
                                "arn:",
                                {
                                  "Ref": "AWS::Partition"
                                },
                                ":iam::aws:policy/AWSCodeDeployFullAccess"
                              ]
                            ]
                          },
                          {
                            "Fn::Join": [
                              "",
                              [
                                "arn:",
                                {
                                  "Ref": "AWS::Partition"
                                },
                                ":iam::aws:policy/AWSLambda_FullAccess"
                              ]
                            ]
                          }
                        ]
                      }
                    },
                    "constructInfo": {
                      "fqn": "aws-cdk-lib.aws_iam.CfnRole",
                      "version": "2.0.0"
                    }
                  },
                  "DefaultPolicy": {
                    "id": "DefaultPolicy",
                    "path": "CdkProjectStack/Project/Role/DefaultPolicy",
                    "children": {
                      "Resource": {
                        "id": "Resource",
                        "path": "CdkProjectStack/Project/Role/DefaultPolicy/Resource",
                        "attributes": {
                          "aws:cdk:cloudformation:type": "AWS::IAM::Policy",
                          "aws:cdk:cloudformation:props": {
                            "policyDocument": {
                              "Statement": [
                                {
                                  "Action": [
                                    "logs:CreateLogGroup",
                                    "logs:CreateLogStream",
                                    "logs:PutLogEvents"
                                  ],
                                  "Effect": "Allow",
                                  "Resource": [
                                    {
                                      "Fn::Join": [
                                        "",
                                        [
                                          "arn:",
                                          {
                                            "Ref": "AWS::Partition"
                                          },
                                          ":logs:",
                                          {
                                            "Ref": "AWS::Region"
                                          },
                                          ":",
                                          {
                                            "Ref": "AWS::AccountId"
                                          },
                                          ":log-group:/aws/codebuild/",
                                          {
                                            "Ref": "ProjectC78D97AD"
                                          }
                                        ]
                                      ]
                                    },
                                    {
                                      "Fn::Join": [
                                        "",
                                        [
                                          "arn:",
                                          {
                                            "Ref": "AWS::Partition"
                                          },
                                          ":logs:",
                                          {
                                            "Ref": "AWS::Region"
                                          },
                                          ":",
                                          {
                                            "Ref": "AWS::AccountId"
                                          },
                                          ":log-group:/aws/codebuild/",
                                          {
                                            "Ref": "ProjectC78D97AD"
                                          },
                                          ":*"
                                        ]
                                      ]
                                    }
                                  ]
                                },
                                {
                                  "Action": [
                                    "codebuild:CreateReportGroup",
                                    "codebuild:CreateReport",
                                    "codebuild:UpdateReport",
                                    "codebuild:BatchPutTestCases",
                                    "codebuild:BatchPutCodeCoverages"
                                  ],
                                  "Effect": "Allow",
                                  "Resource": {
                                    "Fn::Join": [
                                      "",
                                      [
                                        "arn:",
                                        {
                                          "Ref": "AWS::Partition"
                                        },
                                        ":codebuild:",
                                        {
                                          "Ref": "AWS::Region"
                                        },
                                        ":",
                                        {
                                          "Ref": "AWS::AccountId"
                                        },
                                        ":report-group/",
                                        {
                                          "Ref": "ProjectC78D97AD"
                                        },
                                        "-*"
                                      ]
                                    ]
                                  }
                                },
                                {
                                  "Action": [
                                    "s3:GetObject*",
                                    "s3:GetBucket*",
                                    "s3:List*",
                                    "s3:DeleteObject*",
                                    "s3:PutObject",
                                    "s3:Abort*"
                                  ],
                                  "Effect": "Allow",
                                  "Resource": [
                                    {
                                      "Fn::GetAtt": [
                                        "CdkProjectPipelineArtifactsBucket1A73A8BA",
                                        "Arn"
                                      ]
                                    },
                                    {
                                      "Fn::Join": [
                                        "",
                                        [
                                          {
                                            "Fn::GetAtt": [
                                              "CdkProjectPipelineArtifactsBucket1A73A8BA",
                                              "Arn"
                                            ]
                                          },
                                          "/*"
                                        ]
                                      ]
                                    }
                                  ]
                                },
                                {
                                  "Action": [
                                    "kms:Decrypt",
                                    "kms:DescribeKey",
                                    "kms:Encrypt",
                                    "kms:ReEncrypt*",
                                    "kms:GenerateDataKey*"
                                  ],
                                  "Effect": "Allow",
                                  "Resource": {
                                    "Fn::GetAtt": [
                                      "CdkProjectPipelineArtifactsBucketEncryptionKeyA195E41D",
                                      "Arn"
                                    ]
                                  }
                                },
                                {
                                  "Action": [
                                    "kms:Decrypt",
                                    "kms:Encrypt",
                                    "kms:ReEncrypt*",
                                    "kms:GenerateDataKey*"
                                  ],
                                  "Effect": "Allow",
                                  "Resource": {
                                    "Fn::GetAtt": [
                                      "CdkProjectPipelineArtifactsBucketEncryptionKeyA195E41D",
                                      "Arn"
                                    ]
                                  }
                                }
                              ],
                              "Version": "2012-10-17"
                            },
                            "policyName": "ProjectRoleDefaultPolicy7F29461B",
                            "roles": [
                              {
                                "Ref": "ProjectRole4CCB274E"
                              }
                            ]
                          }
                        },
                        "constructInfo": {
                          "fqn": "aws-cdk-lib.aws_iam.CfnPolicy",
                          "version": "2.0.0"
                        }
                      }
                    },
                    "constructInfo": {
                      "fqn": "aws-cdk-lib.aws_iam.Policy",
                      "version": "2.0.0"
                    }
                  }
                },
                "constructInfo": {
                  "fqn": "aws-cdk-lib.aws_iam.Role",
                  "version": "2.0.0"
                }
              },
              "Resource": {
                "id": "Resource",
                "path": "CdkProjectStack/Project/Resource",
                "attributes": {
                  "aws:cdk:cloudformation:type": "AWS::CodeBuild::Project",
                  "aws:cdk:cloudformation:props": {
                    "artifacts": {
                      "type": "CODEPIPELINE"
                    },
                    "environment": {
                      "type": "LINUX_CONTAINER",
                      "image": "aws/codebuild/standard:5.0",
                      "imagePullCredentialsType": "CODEBUILD",
                      "privilegedMode": false,
                      "computeType": "BUILD_GENERAL1_SMALL"
                    },
                    "serviceRole": {
                      "Fn::GetAtt": [
                        "ProjectRole4CCB274E",
                        "Arn"
                      ]
                    },
                    "source": {
                      "type": "CODEPIPELINE",
                      "buildSpec": "{\n  \"version\": \"0.2\",\n  \"phases\": {\n    \"build\": {\n      \"commands\": [\n        \"echo Zipping deployment package...\",\n        \"zip -r9 deployment_package.zip .\"\n      ]\n    },\n    \"post_build\": {\n      \"commands\": [\n        \"echo aws version\",\n        \"aws --version\",\n        \"echo Getting current lambda version against alias prod\",\n        \"currentVersion=`aws lambda get-alias --function-name abc --name prod | jq .'FunctionVersion'`\",\n        \"echo Updating lambda Function...\",\n        \"aws lambda update-function-code --function-name abc --zip-file fileb://deployment_package.zip --publish >> response.json\",\n        \"echo Getting newly deployed version\",\n        \"targetVersion=`cat response.json | jq .'Version'`\",\n        \"echo Creating code-deploy.yaml file for CodeDeploy\",\n        \"cat << EOF > code-deploy.yaml\\napplicationName: \\ndeploymentGroupName: \\nrevision:\\n  revisionType: AppSpecContent\\n  appSpecContent:\\n    content: |\\n      version: 0.0\\n      Resources:\\n        - MyFunction:\\n            Type: AWS::Lambda::Function\\n            Properties:\\n              Name: abc\\n              Alias: prod\\n              TargetVersion: $targetVersion\\n              CurrentVersion: $currentVersion\\nEOF\",\n        \"cat code-deploy.yaml\",\n        \"echo Creating deployment...\",\n        \"aws deploy create-deployment --application-name CdkProjectCodeDeployApplication --deployment-group-name CdkProjectDeploymentGroup --cli-input-yaml file://code-deploy.yaml\"\n      ]\n    }\n  },\n  \"artifacts\": {\n    \"name\": \"code-deploy.yaml\",\n    \"files\": [\n      \"code-deploy.yaml\"\n    ]\n  }\n}"
                    },
                    "encryptionKey": {
                      "Fn::GetAtt": [
                        "CdkProjectPipelineArtifactsBucketEncryptionKeyA195E41D",
                        "Arn"
                      ]
                    },
                    "name": "CdkProject"
                  }
                },
                "constructInfo": {
                  "fqn": "aws-cdk-lib.aws_codebuild.CfnProject",
                  "version": "2.0.0"
                }
              }
            },
            "constructInfo": {
              "fqn": "aws-cdk-lib.aws_codebuild.PipelineProject",
              "version": "2.0.0"
            }
          },
          "CdkProjectFunction": {
            "id": "CdkProjectFunction",
            "path": "CdkProjectStack/CdkProjectFunction",
            "children": {
              "$LATEST": {
                "id": "$LATEST",
                "path": "CdkProjectStack/CdkProjectFunction/$LATEST",
                "constructInfo": {
                  "fqn": "aws-cdk-lib.aws_lambda.FunctionBase",
                  "version": "2.0.0"
                }
              }
            },
            "constructInfo": {
              "fqn": "aws-cdk-lib.aws_lambda.FunctionBase",
              "version": "2.0.0"
            }
          },
          "CdkProjectCodeDeployApplication": {
            "id": "CdkProjectCodeDeployApplication",
            "path": "CdkProjectStack/CdkProjectCodeDeployApplication",
            "children": {
              "Resource": {
                "id": "Resource",
                "path": "CdkProjectStack/CdkProjectCodeDeployApplication/Resource",
                "attributes": {
                  "aws:cdk:cloudformation:type": "AWS::CodeDeploy::Application",
                  "aws:cdk:cloudformation:props": {
                    "applicationName": "CdkProjectCodeDeployApplication",
                    "computePlatform": "Lambda"
                  }
                },
                "constructInfo": {
                  "fqn": "aws-cdk-lib.aws_codedeploy.CfnApplication",
                  "version": "2.0.0"
                }
              }
            },
            "constructInfo": {
              "fqn": "aws-cdk-lib.aws_codedeploy.LambdaApplication",
              "version": "2.0.0"
            }
          },
          "CdkProjectAlias": {
            "id": "CdkProjectAlias",
            "path": "CdkProjectStack/CdkProjectAlias",
            "children": {
              "Resource": {
                "id": "Resource",
                "path": "CdkProjectStack/CdkProjectAlias/Resource",
                "attributes": {
                  "aws:cdk:cloudformation:type": "AWS::Lambda::Alias",
                  "aws:cdk:cloudformation:props": {
                    "functionName": "abc",
                    "functionVersion": "$LATEST",
                    "name": "prod"
                  }
                },
                "constructInfo": {
                  "fqn": "aws-cdk-lib.aws_lambda.CfnAlias",
                  "version": "2.0.0"
                }
              },
              "ScalingRole": {
                "id": "ScalingRole",
                "path": "CdkProjectStack/CdkProjectAlias/ScalingRole",
                "constructInfo": {
                  "fqn": "aws-cdk-lib.Resource",
                  "version": "2.0.0"
                }
              }
            },
            "constructInfo": {
              "fqn": "aws-cdk-lib.aws_lambda.Alias",
              "version": "2.0.0"
            }
          },
          "CdkProjectLambdaDeploymentGroup": {
            "id": "CdkProjectLambdaDeploymentGroup",
            "path": "CdkProjectStack/CdkProjectLambdaDeploymentGroup",
            "children": {
              "ServiceRole": {
                "id": "ServiceRole",
                "path": "CdkProjectStack/CdkProjectLambdaDeploymentGroup/ServiceRole",
                "children": {
                  "Resource": {
                    "id": "Resource",
                    "path": "CdkProjectStack/CdkProjectLambdaDeploymentGroup/ServiceRole/Resource",
                    "attributes": {
                      "aws:cdk:cloudformation:type": "AWS::IAM::Role",
                      "aws:cdk:cloudformation:props": {
                        "assumeRolePolicyDocument": {
                          "Statement": [
                            {
                              "Action": "sts:AssumeRole",
                              "Effect": "Allow",
                              "Principal": {
                                "Service": {
                                  "Fn::Join": [
                                    "",
                                    [
                                      "codedeploy.",
                                      {
                                        "Ref": "AWS::Region"
                                      },
                                      ".",
                                      {
                                        "Ref": "AWS::URLSuffix"
                                      }
                                    ]
                                  ]
                                }
                              }
                            }
                          ],
                          "Version": "2012-10-17"
                        },
                        "managedPolicyArns": [
                          {
                            "Fn::Join": [
                              "",
                              [
                                "arn:",
                                {
                                  "Ref": "AWS::Partition"
                                },
                                ":iam::aws:policy/service-role/AWSCodeDeployRoleForLambdaLimited"
                              ]
                            ]
                          }
                        ]
                      }
                    },
                    "constructInfo": {
                      "fqn": "aws-cdk-lib.aws_iam.CfnRole",
                      "version": "2.0.0"
                    }
                  }
                },
                "constructInfo": {
                  "fqn": "aws-cdk-lib.aws_iam.Role",
                  "version": "2.0.0"
                }
              },
              "Resource": {
                "id": "Resource",
                "path": "CdkProjectStack/CdkProjectLambdaDeploymentGroup/Resource",
                "attributes": {
                  "aws:cdk:cloudformation:type": "AWS::CodeDeploy::DeploymentGroup",
                  "aws:cdk:cloudformation:props": {
                    "applicationName": {
                      "Ref": "CdkProjectCodeDeployApplication109CE2C6"
                    },
                    "serviceRoleArn": {
                      "Fn::GetAtt": [
                        "CdkProjectLambdaDeploymentGroupServiceRole9C1CC096",
                        "Arn"
                      ]
                    },
                    "autoRollbackConfiguration": {
                      "enabled": true,
                      "events": [
                        "DEPLOYMENT_FAILURE"
                      ]
                    },
                    "deploymentConfigName": "CodeDeployDefault.LambdaAllAtOnce",
                    "deploymentGroupName": "CdkProjectDeploymentGroup",
                    "deploymentStyle": {
                      "deploymentType": "BLUE_GREEN",
                      "deploymentOption": "WITH_TRAFFIC_CONTROL"
                    }
                  }
                },
                "constructInfo": {
                  "fqn": "aws-cdk-lib.aws_codedeploy.CfnDeploymentGroup",
                  "version": "2.0.0"
                }
              }
            },
            "constructInfo": {
              "fqn": "aws-cdk-lib.aws_codedeploy.LambdaDeploymentGroup",
              "version": "2.0.0"
            }
          },
          "CdkProjectPipeline": {
            "id": "CdkProjectPipeline",
            "path": "CdkProjectStack/CdkProjectPipeline",
            "children": {
              "ArtifactsBucketEncryptionKey": {
                "id": "ArtifactsBucketEncryptionKey",
                "path": "CdkProjectStack/CdkProjectPipeline/ArtifactsBucketEncryptionKey",
                "children": {
                  "Resource": {
                    "id": "Resource",
                    "path": "CdkProjectStack/CdkProjectPipeline/ArtifactsBucketEncryptionKey/Resource",
                    "attributes": {
                      "aws:cdk:cloudformation:type": "AWS::KMS::Key",
                      "aws:cdk:cloudformation:props": {
                        "keyPolicy": {
                          "Statement": [
                            {
                              "Action": "kms:*",
                              "Effect": "Allow",
                              "Principal": {
                                "AWS": {
                                  "Fn::Join": [
                                    "",
                                    [
                                      "arn:",
                                      {
                                        "Ref": "AWS::Partition"
                                      },
                                      ":iam::",
                                      {
                                        "Ref": "AWS::AccountId"
                                      },
                                      ":root"
                                    ]
                                  ]
                                }
                              },
                              "Resource": "*"
                            }
                          ],
                          "Version": "2012-10-17"
                        }
                      }
                    },
                    "constructInfo": {
                      "fqn": "aws-cdk-lib.aws_kms.CfnKey",
                      "version": "2.0.0"
                    }
                  }
                },
                "constructInfo": {
                  "fqn": "aws-cdk-lib.aws_kms.Key",
                  "version": "2.0.0"
                }
              },
              "ArtifactsBucketEncryptionKeyAlias": {
                "id": "ArtifactsBucketEncryptionKeyAlias",
                "path": "CdkProjectStack/CdkProjectPipeline/ArtifactsBucketEncryptionKeyAlias",
                "children": {
                  "Resource": {
                    "id": "Resource",
                    "path": "CdkProjectStack/CdkProjectPipeline/ArtifactsBucketEncryptionKeyAlias/Resource",
                    "attributes": {
                      "aws:cdk:cloudformation:type": "AWS::KMS::Alias",
                      "aws:cdk:cloudformation:props": {
                        "aliasName": "alias/codepipeline-cdkprojectstackcdkprojectpipeline45fabd79",
                        "targetKeyId": {
                          "Fn::GetAtt": [
                            "CdkProjectPipelineArtifactsBucketEncryptionKeyA195E41D",
                            "Arn"
                          ]
                        }
                      }
                    },
                    "constructInfo": {
                      "fqn": "aws-cdk-lib.aws_kms.CfnAlias",
                      "version": "2.0.0"
                    }
                  }
                },
                "constructInfo": {
                  "fqn": "aws-cdk-lib.aws_kms.Alias",
                  "version": "2.0.0"
                }
              },
              "ArtifactsBucket": {
                "id": "ArtifactsBucket",
                "path": "CdkProjectStack/CdkProjectPipeline/ArtifactsBucket",
                "children": {
                  "Notifications": {
                    "id": "Notifications",
                    "path": "CdkProjectStack/CdkProjectPipeline/ArtifactsBucket/Notifications",
                    "constructInfo": {
                      "fqn": "constructs.Construct",
                      "version": "10.0.10"
                    }
                  },
                  "Resource": {
                    "id": "Resource",
                    "path": "CdkProjectStack/CdkProjectPipeline/ArtifactsBucket/Resource",
                    "attributes": {
                      "aws:cdk:cloudformation:type": "AWS::S3::Bucket",
                      "aws:cdk:cloudformation:props": {
                        "bucketEncryption": {
                          "serverSideEncryptionConfiguration": [
                            {
                              "serverSideEncryptionByDefault": {
                                "sseAlgorithm": "aws:kms",
                                "kmsMasterKeyId": {
                                  "Fn::GetAtt": [
                                    "CdkProjectPipelineArtifactsBucketEncryptionKeyA195E41D",
                                    "Arn"
                                  ]
                                }
                              }
                            }
                          ]
                        },
                        "publicAccessBlockConfiguration": {
                          "blockPublicAcls": true,
                          "blockPublicPolicy": true,
                          "ignorePublicAcls": true,
                          "restrictPublicBuckets": true
                        }
                      }
                    },
                    "constructInfo": {
                      "fqn": "aws-cdk-lib.aws_s3.CfnBucket",
                      "version": "2.0.0"
                    }
                  }
                },
                "constructInfo": {
                  "fqn": "aws-cdk-lib.aws_s3.Bucket",
                  "version": "2.0.0"
                }
              },
              "Role": {
                "id": "Role",
                "path": "CdkProjectStack/CdkProjectPipeline/Role",
                "children": {
                  "Resource": {
                    "id": "Resource",
                    "path": "CdkProjectStack/CdkProjectPipeline/Role/Resource",
                    "attributes": {
                      "aws:cdk:cloudformation:type": "AWS::IAM::Role",
                      "aws:cdk:cloudformation:props": {
                        "assumeRolePolicyDocument": {
                          "Statement": [
                            {
                              "Action": "sts:AssumeRole",
                              "Effect": "Allow",
                              "Principal": {
                                "Service": "codepipeline.amazonaws.com"
                              }
                            }
                          ],
                          "Version": "2012-10-17"
                        }
                      }
                    },
                    "constructInfo": {
                      "fqn": "aws-cdk-lib.aws_iam.CfnRole",
                      "version": "2.0.0"
                    }
                  },
                  "DefaultPolicy": {
                    "id": "DefaultPolicy",
                    "path": "CdkProjectStack/CdkProjectPipeline/Role/DefaultPolicy",
                    "children": {
                      "Resource": {
                        "id": "Resource",
                        "path": "CdkProjectStack/CdkProjectPipeline/Role/DefaultPolicy/Resource",
                        "attributes": {
                          "aws:cdk:cloudformation:type": "AWS::IAM::Policy",
                          "aws:cdk:cloudformation:props": {
                            "policyDocument": {
                              "Statement": [
                                {
                                  "Action": [
                                    "s3:GetObject*",
                                    "s3:GetBucket*",
                                    "s3:List*",
                                    "s3:DeleteObject*",
                                    "s3:PutObject",
                                    "s3:Abort*"
                                  ],
                                  "Effect": "Allow",
                                  "Resource": [
                                    {
                                      "Fn::GetAtt": [
                                        "CdkProjectPipelineArtifactsBucket1A73A8BA",
                                        "Arn"
                                      ]
                                    },
                                    {
                                      "Fn::Join": [
                                        "",
                                        [
                                          {
                                            "Fn::GetAtt": [
                                              "CdkProjectPipelineArtifactsBucket1A73A8BA",
                                              "Arn"
                                            ]
                                          },
                                          "/*"
                                        ]
                                      ]
                                    }
                                  ]
                                },
                                {
                                  "Action": [
                                    "kms:Decrypt",
                                    "kms:DescribeKey",
                                    "kms:Encrypt",
                                    "kms:ReEncrypt*",
                                    "kms:GenerateDataKey*"
                                  ],
                                  "Effect": "Allow",
                                  "Resource": {
                                    "Fn::GetAtt": [
                                      "CdkProjectPipelineArtifactsBucketEncryptionKeyA195E41D",
                                      "Arn"
                                    ]
                                  }
                                },
                                {
                                  "Action": "sts:AssumeRole",
                                  "Effect": "Allow",
                                  "Resource": {
                                    "Fn::GetAtt": [
                                      "CdkProjectPipelineSourceTrackCodeChangesCodePipelineActionRole3A7EAF5D",
                                      "Arn"
                                    ]
                                  }
                                },
                                {
                                  "Action": "sts:AssumeRole",
                                  "Effect": "Allow",
                                  "Resource": {
                                    "Fn::GetAtt": [
                                      "CdkProjectPipelineBuildDeployToLambdaVersionCodePipelineActionRole9FB6BAC0",
                                      "Arn"
                                    ]
                                  }
                                }
                              ],
                              "Version": "2012-10-17"
                            },
                            "policyName": "CdkProjectPipelineRoleDefaultPolicy7368FCBE",
                            "roles": [
                              {
                                "Ref": "CdkProjectPipelineRole9713DC31"
                              }
                            ]
                          }
                        },
                        "constructInfo": {
                          "fqn": "aws-cdk-lib.aws_iam.CfnPolicy",
                          "version": "2.0.0"
                        }
                      }
                    },
                    "constructInfo": {
                      "fqn": "aws-cdk-lib.aws_iam.Policy",
                      "version": "2.0.0"
                    }
                  }
                },
                "constructInfo": {
                  "fqn": "aws-cdk-lib.aws_iam.Role",
                  "version": "2.0.0"
                }
              },
              "Resource": {
                "id": "Resource",
                "path": "CdkProjectStack/CdkProjectPipeline/Resource",
                "attributes": {
                  "aws:cdk:cloudformation:type": "AWS::CodePipeline::Pipeline",
                  "aws:cdk:cloudformation:props": {
                    "roleArn": {
                      "Fn::GetAtt": [
                        "CdkProjectPipelineRole9713DC31",
                        "Arn"
                      ]
                    },
                    "stages": [
                      {
                        "name": "Source",
                        "actions": [
                          {
                            "name": "TrackCodeChanges",
                            "outputArtifacts": [
                              {
                                "name": "SourceArtifact"
                              }
                            ],
                            "actionTypeId": {
                              "category": "Source",
                              "version": "1",
                              "owner": "AWS",
                              "provider": "CodeCommit"
                            },
                            "configuration": {
                              "RepositoryName": {
                                "Fn::GetAtt": [
                                  "CdkProjectRepository26B07E3F",
                                  "Name"
                                ]
                              },
                              "BranchName": "main",
                              "PollForSourceChanges": false
                            },
                            "runOrder": 1,
                            "roleArn": {
                              "Fn::GetAtt": [
                                "CdkProjectPipelineSourceTrackCodeChangesCodePipelineActionRole3A7EAF5D",
                                "Arn"
                              ]
                            }
                          }
                        ]
                      },
                      {
                        "name": "Build",
                        "actions": [
                          {
                            "name": "DeployToLambdaVersion",
                            "inputArtifacts": [
                              {
                                "name": "SourceArtifact"
                              }
                            ],
                            "outputArtifacts": [
                              {
                                "name": "DeployToLambdaOutputArtifact"
                              }
                            ],
                            "actionTypeId": {
                              "category": "Build",
                              "version": "1",
                              "owner": "AWS",
                              "provider": "CodeBuild"
                            },
                            "configuration": {
                              "ProjectName": {
                                "Ref": "ProjectC78D97AD"
                              }
                            },
                            "runOrder": 1,
                            "roleArn": {
                              "Fn::GetAtt": [
                                "CdkProjectPipelineBuildDeployToLambdaVersionCodePipelineActionRole9FB6BAC0",
                                "Arn"
                              ]
                            }
                          }
                        ]
                      }
                    ],
                    "artifactStore": {
                      "type": "S3",
                      "location": {
                        "Ref": "CdkProjectPipelineArtifactsBucket1A73A8BA"
                      },
                      "encryptionKey": {
                        "type": "KMS",
                        "id": {
                          "Fn::GetAtt": [
                            "CdkProjectPipelineArtifactsBucketEncryptionKeyA195E41D",
                            "Arn"
                          ]
                        }
                      }
                    }
                  }
                },
                "constructInfo": {
                  "fqn": "aws-cdk-lib.aws_codepipeline.CfnPipeline",
                  "version": "2.0.0"
                }
              },
              "Source": {
                "id": "Source",
                "path": "CdkProjectStack/CdkProjectPipeline/Source",
                "children": {
                  "TrackCodeChanges": {
                    "id": "TrackCodeChanges",
                    "path": "CdkProjectStack/CdkProjectPipeline/Source/TrackCodeChanges",
                    "children": {
                      "CodePipelineActionRole": {
                        "id": "CodePipelineActionRole",
                        "path": "CdkProjectStack/CdkProjectPipeline/Source/TrackCodeChanges/CodePipelineActionRole",
                        "children": {
                          "Resource": {
                            "id": "Resource",
                            "path": "CdkProjectStack/CdkProjectPipeline/Source/TrackCodeChanges/CodePipelineActionRole/Resource",
                            "attributes": {
                              "aws:cdk:cloudformation:type": "AWS::IAM::Role",
                              "aws:cdk:cloudformation:props": {
                                "assumeRolePolicyDocument": {
                                  "Statement": [
                                    {
                                      "Action": "sts:AssumeRole",
                                      "Effect": "Allow",
                                      "Principal": {
                                        "AWS": {
                                          "Fn::Join": [
                                            "",
                                            [
                                              "arn:",
                                              {
                                                "Ref": "AWS::Partition"
                                              },
                                              ":iam::",
                                              {
                                                "Ref": "AWS::AccountId"
                                              },
                                              ":root"
                                            ]
                                          ]
                                        }
                                      }
                                    }
                                  ],
                                  "Version": "2012-10-17"
                                }
                              }
                            },
                            "constructInfo": {
                              "fqn": "aws-cdk-lib.aws_iam.CfnRole",
                              "version": "2.0.0"
                            }
                          },
                          "DefaultPolicy": {
                            "id": "DefaultPolicy",
                            "path": "CdkProjectStack/CdkProjectPipeline/Source/TrackCodeChanges/CodePipelineActionRole/DefaultPolicy",
                            "children": {
                              "Resource": {
                                "id": "Resource",
                                "path": "CdkProjectStack/CdkProjectPipeline/Source/TrackCodeChanges/CodePipelineActionRole/DefaultPolicy/Resource",
                                "attributes": {
                                  "aws:cdk:cloudformation:type": "AWS::IAM::Policy",
                                  "aws:cdk:cloudformation:props": {
                                    "policyDocument": {
                                      "Statement": [
                                        {
                                          "Action": [
                                            "s3:GetObject*",
                                            "s3:GetBucket*",
                                            "s3:List*",
                                            "s3:DeleteObject*",
                                            "s3:PutObject",
                                            "s3:Abort*"
                                          ],
                                          "Effect": "Allow",
                                          "Resource": [
                                            {
                                              "Fn::GetAtt": [
                                                "CdkProjectPipelineArtifactsBucket1A73A8BA",
                                                "Arn"
                                              ]
                                            },
                                            {
                                              "Fn::Join": [
                                                "",
                                                [
                                                  {
                                                    "Fn::GetAtt": [
                                                      "CdkProjectPipelineArtifactsBucket1A73A8BA",
                                                      "Arn"
                                                    ]
                                                  },
                                                  "/*"
                                                ]
                                              ]
                                            }
                                          ]
                                        },
                                        {
                                          "Action": [
                                            "kms:Decrypt",
                                            "kms:DescribeKey",
                                            "kms:Encrypt",
                                            "kms:ReEncrypt*",
                                            "kms:GenerateDataKey*"
                                          ],
                                          "Effect": "Allow",
                                          "Resource": {
                                            "Fn::GetAtt": [
                                              "CdkProjectPipelineArtifactsBucketEncryptionKeyA195E41D",
                                              "Arn"
                                            ]
                                          }
                                        },
                                        {
                                          "Action": [
                                            "codecommit:GetBranch",
                                            "codecommit:GetCommit",
                                            "codecommit:UploadArchive",
                                            "codecommit:GetUploadArchiveStatus",
                                            "codecommit:CancelUploadArchive"
                                          ],
                                          "Effect": "Allow",
                                          "Resource": {
                                            "Fn::GetAtt": [
                                              "CdkProjectRepository26B07E3F",
                                              "Arn"
                                            ]
                                          }
                                        }
                                      ],
                                      "Version": "2012-10-17"
                                    },
                                    "policyName": "CdkProjectPipelineSourceTrackCodeChangesCodePipelineActionRoleDefaultPolicyA6E34605",
                                    "roles": [
                                      {
                                        "Ref": "CdkProjectPipelineSourceTrackCodeChangesCodePipelineActionRole3A7EAF5D"
                                      }
                                    ]
                                  }
                                },
                                "constructInfo": {
                                  "fqn": "aws-cdk-lib.aws_iam.CfnPolicy",
                                  "version": "2.0.0"
                                }
                              }
                            },
                            "constructInfo": {
                              "fqn": "aws-cdk-lib.aws_iam.Policy",
                              "version": "2.0.0"
                            }
                          }
                        },
                        "constructInfo": {
                          "fqn": "aws-cdk-lib.aws_iam.Role",
                          "version": "2.0.0"
                        }
                      }
                    },
                    "constructInfo": {
                      "fqn": "constructs.Construct",
                      "version": "10.0.10"
                    }
                  }
                },
                "constructInfo": {
                  "fqn": "constructs.Construct",
                  "version": "10.0.10"
                }
              },
              "EventsRole": {
                "id": "EventsRole",
                "path": "CdkProjectStack/CdkProjectPipeline/EventsRole",
                "children": {
                  "Resource": {
                    "id": "Resource",
                    "path": "CdkProjectStack/CdkProjectPipeline/EventsRole/Resource",
                    "attributes": {
                      "aws:cdk:cloudformation:type": "AWS::IAM::Role",
                      "aws:cdk:cloudformation:props": {
                        "assumeRolePolicyDocument": {
                          "Statement": [
                            {
                              "Action": "sts:AssumeRole",
                              "Effect": "Allow",
                              "Principal": {
                                "Service": "events.amazonaws.com"
                              }
                            }
                          ],
                          "Version": "2012-10-17"
                        }
                      }
                    },
                    "constructInfo": {
                      "fqn": "aws-cdk-lib.aws_iam.CfnRole",
                      "version": "2.0.0"
                    }
                  },
                  "DefaultPolicy": {
                    "id": "DefaultPolicy",
                    "path": "CdkProjectStack/CdkProjectPipeline/EventsRole/DefaultPolicy",
                    "children": {
                      "Resource": {
                        "id": "Resource",
                        "path": "CdkProjectStack/CdkProjectPipeline/EventsRole/DefaultPolicy/Resource",
                        "attributes": {
                          "aws:cdk:cloudformation:type": "AWS::IAM::Policy",
                          "aws:cdk:cloudformation:props": {
                            "policyDocument": {
                              "Statement": [
                                {
                                  "Action": "codepipeline:StartPipelineExecution",
                                  "Effect": "Allow",
                                  "Resource": {
                                    "Fn::Join": [
                                      "",
                                      [
                                        "arn:",
                                        {
                                          "Ref": "AWS::Partition"
                                        },
                                        ":codepipeline:",
                                        {
                                          "Ref": "AWS::Region"
                                        },
                                        ":",
                                        {
                                          "Ref": "AWS::AccountId"
                                        },
                                        ":",
                                        {
                                          "Ref": "CdkProjectPipelineB764721F"
                                        }
                                      ]
                                    ]
                                  }
                                }
                              ],
                              "Version": "2012-10-17"
                            },
                            "policyName": "CdkProjectPipelineEventsRoleDefaultPolicyF8A008CA",
                            "roles": [
                              {
                                "Ref": "CdkProjectPipelineEventsRole3A509A5F"
                              }
                            ]
                          }
                        },
                        "constructInfo": {
                          "fqn": "aws-cdk-lib.aws_iam.CfnPolicy",
                          "version": "2.0.0"
                        }
                      }
                    },
                    "constructInfo": {
                      "fqn": "aws-cdk-lib.aws_iam.Policy",
                      "version": "2.0.0"
                    }
                  }
                },
                "constructInfo": {
                  "fqn": "aws-cdk-lib.aws_iam.Role",
                  "version": "2.0.0"
                }
              },
              "Build": {
                "id": "Build",
                "path": "CdkProjectStack/CdkProjectPipeline/Build",
                "children": {
                  "DeployToLambdaVersion": {
                    "id": "DeployToLambdaVersion",
                    "path": "CdkProjectStack/CdkProjectPipeline/Build/DeployToLambdaVersion",
                    "children": {
                      "CodePipelineActionRole": {
                        "id": "CodePipelineActionRole",
                        "path": "CdkProjectStack/CdkProjectPipeline/Build/DeployToLambdaVersion/CodePipelineActionRole",
                        "children": {
                          "Resource": {
                            "id": "Resource",
                            "path": "CdkProjectStack/CdkProjectPipeline/Build/DeployToLambdaVersion/CodePipelineActionRole/Resource",
                            "attributes": {
                              "aws:cdk:cloudformation:type": "AWS::IAM::Role",
                              "aws:cdk:cloudformation:props": {
                                "assumeRolePolicyDocument": {
                                  "Statement": [
                                    {
                                      "Action": "sts:AssumeRole",
                                      "Effect": "Allow",
                                      "Principal": {
                                        "AWS": {
                                          "Fn::Join": [
                                            "",
                                            [
                                              "arn:",
                                              {
                                                "Ref": "AWS::Partition"
                                              },
                                              ":iam::",
                                              {
                                                "Ref": "AWS::AccountId"
                                              },
                                              ":root"
                                            ]
                                          ]
                                        }
                                      }
                                    }
                                  ],
                                  "Version": "2012-10-17"
                                }
                              }
                            },
                            "constructInfo": {
                              "fqn": "aws-cdk-lib.aws_iam.CfnRole",
                              "version": "2.0.0"
                            }
                          },
                          "DefaultPolicy": {
                            "id": "DefaultPolicy",
                            "path": "CdkProjectStack/CdkProjectPipeline/Build/DeployToLambdaVersion/CodePipelineActionRole/DefaultPolicy",
                            "children": {
                              "Resource": {
                                "id": "Resource",
                                "path": "CdkProjectStack/CdkProjectPipeline/Build/DeployToLambdaVersion/CodePipelineActionRole/DefaultPolicy/Resource",
                                "attributes": {
                                  "aws:cdk:cloudformation:type": "AWS::IAM::Policy",
                                  "aws:cdk:cloudformation:props": {
                                    "policyDocument": {
                                      "Statement": [
                                        {
                                          "Action": [
                                            "codebuild:BatchGetBuilds",
                                            "codebuild:StartBuild",
                                            "codebuild:StopBuild"
                                          ],
                                          "Effect": "Allow",
                                          "Resource": {
                                            "Fn::GetAtt": [
                                              "ProjectC78D97AD",
                                              "Arn"
                                            ]
                                          }
                                        }
                                      ],
                                      "Version": "2012-10-17"
                                    },
                                    "policyName": "CdkProjectPipelineBuildDeployToLambdaVersionCodePipelineActionRoleDefaultPolicy7131DDE9",
                                    "roles": [
                                      {
                                        "Ref": "CdkProjectPipelineBuildDeployToLambdaVersionCodePipelineActionRole9FB6BAC0"
                                      }
                                    ]
                                  }
                                },
                                "constructInfo": {
                                  "fqn": "aws-cdk-lib.aws_iam.CfnPolicy",
                                  "version": "2.0.0"
                                }
                              }
                            },
                            "constructInfo": {
                              "fqn": "aws-cdk-lib.aws_iam.Policy",
                              "version": "2.0.0"
                            }
                          }
                        },
                        "constructInfo": {
                          "fqn": "aws-cdk-lib.aws_iam.Role",
                          "version": "2.0.0"
                        }
                      }
                    },
                    "constructInfo": {
                      "fqn": "constructs.Construct",
                      "version": "10.0.10"
                    }
                  }
                },
                "constructInfo": {
                  "fqn": "constructs.Construct",
                  "version": "10.0.10"
                }
              }
            },
            "constructInfo": {
              "fqn": "aws-cdk-lib.aws_codepipeline.Pipeline",
              "version": "2.0.0"
            }
          },
          "CDKMetadata": {
            "id": "CDKMetadata",
            "path": "CdkProjectStack/CDKMetadata",
            "children": {
              "Default": {
                "id": "Default",
                "path": "CdkProjectStack/CDKMetadata/Default",
                "constructInfo": {
                  "fqn": "aws-cdk-lib.CfnResource",
                  "version": "2.0.0"
                }
              },
              "Condition": {
                "id": "Condition",
                "path": "CdkProjectStack/CDKMetadata/Condition",
                "constructInfo": {
                  "fqn": "aws-cdk-lib.CfnCondition",
                  "version": "2.0.0"
                }
              }
            },
            "constructInfo": {
              "fqn": "constructs.Construct",
              "version": "10.0.10"
            }
          }
        },
        "constructInfo": {
          "fqn": "aws-cdk-lib.Stack",
          "version": "2.0.0"
        }
      }
    },
    "constructInfo": {
      "fqn": "aws-cdk-lib.App",
      "version": "2.0.0"
    }
  }
}